{
    "RMSE": 0.09938696265193525,
    "MAE": 0.016564426943659782,
    "R2": 0.007184326648712158,
    "Best_Params": [
        128.0,
        0.3605640605632845,
        0.003508599832264338
    ],
    "Loss_Curve": [
        0.009931724518537521,
        0.009931724518537521,
        0.009877767413854599,
        0.009877767413854599,
        0.009877767413854599
    ]
}