{
    "RMSE": 0.09962140739920153,
    "MAE": 0.020763281732797623,
    "R2": 0.0024948716163635254,
    "Best_Params": [
        80,
        0.45,
        0.0006
    ],
    "Val_Loss_Evolution": [
        0.00989535916596651,
        0.009901275858283043,
        0.009931267239153385,
        0.009919431991875172,
        0.009924424812197685
    ]
}