{
    "RMSE": 0.1000548573618585,
    "MAE": 0.020373618230223656,
    "R2_Score": -0.00620424747467041,
    "Epochs_Trained": 14,
    "Best_Val_Loss": 0.010010974481701851
}